# Class mastery unlocks (SPEC 13.4q). Armour refs are wearer-scoped; held items use armament/<id>.
classId,level,kind,ref
reaver,1,cards,quickstep
reaver,2,armament,armor/reaver/vigil
reaver,3,cards,enterGorefire
reaver,3,cards,goreslash
reaver,4,relic,whetstoneFragment
reaver,5,cards,bracingStance
reaver,5,cards,rondelParry
reaver,6,feat,reaverMasteryFocus
reaver,7,cards,stomp
reaver,8,weapon,armament/warhammer
reaver,9,cards,rallyingStandard
reaver,9,cards,warSurgeon
reaver,10,armament,armament/towerShield
reaver,11,cards,hemorrhage
reaver,11,cards,kickOff
reaver,12,relic,warhorn
reaver,13,cards,warcry
reaver,14,feat,reaverMasteryResolve
reaver,15,cards,sunderplate
reaver,15,cards,goreblood
reaver,16,weapon,armament/battleaxe
reaver,17,cards,warriorsVow
reaver,17,cards,sanguinePactCard
reaver,18,armament,armor/reaver/bastion
reaver,19,cards,bloodTithe
reaver,19,cards,poiseBreaker
reaver,20,relic,vowOfVengeance
starseer,1,cards,frostVeil
starseer,2,armament,armor/starseer/eclipse
starseer,3,cards,starSlicer
starseer,3,cards,starstoneWard
starseer,4,relic,azureSigil
starseer,5,cards,starlance
starseer,5,cards,twinkling
starseer,6,feat,starseerMasteryFocus
starseer,7,cards,shootingShard
starseer,7,cards,wardingStar
starseer,8,weapon,armament/frostSpear
starseer,9,cards,meteorSwarm
starseer,9,cards,gravityWell
starseer,10,armament,armament/duskChime
starseer,11,cards,azureCoilCard
starseer,11,cards,astralCleave
starseer,12,relic,pearlOfSagacity
starseer,13,cards,radiantSpray
starseer,13,cards,starPath
starseer,14,feat,starseerMasteryResolve
starseer,15,cards,moonlitShieldCard
starseer,15,cards,astralInsight
starseer,16,weapon,armament/halberd
starseer,17,cards,umbralWard
starseer,17,cards,waxingMoonCard
starseer,18,armament,armor/starseer/rimeweave
starseer,19,cards,celestialLance
starseer,19,cards,astromancerCard
starseer,20,relic,prismaticThorn
rogue,1,cards,feint
rogue,2,armament,armor/rogue/nightveil
rogue,3,cards,pocketSand
rogue,3,cards,serratedShiv
rogue,4,relic,feralEye
rogue,5,cards,lowBlow
rogue,5,cards,pilfer
rogue,6,feat,rogueMasteryFocus
rogue,7,cards,vanish
rogue,8,weapon,armament/katana
rogue,9,cards,cheapShot
rogue,9,cards,garrote
rogue,10,armament,armament/spikedShield
rogue,11,cards,setupRogue
rogue,11,cards,disorient
rogue,12,relic,carrionTalon
rogue,13,cards,sap
rogue,14,feat,rogueMasteryResolve
rogue,15,cards,bloodletterRogue
rogue,15,cards,venomcoat
rogue,16,weapon,armament/twinblade
rogue,17,cards,opportunistCard
rogue,17,cards,envenomCard
rogue,18,armament,armor/rogue/waywatcher
rogue,19,cards,smokeBomb
rogue,19,cards,perfectHeist
rogue,20,relic,paupersDiadem
herald,1,cards,contagion
herald,2,armament,armor/herald/ossuary
herald,3,cards,cullTheWeak
herald,3,cards,transfusion
herald,4,relic,blessedDew
herald,5,cards,blightward
herald,6,feat,heraldMasteryFocus
herald,7,cards,painOffering
herald,7,cards,witheringTouch
herald,8,weapon,armament/cinderAxe
herald,9,cards,blightwardLash
herald,10,armament,armament/goldboughBranch
herald,11,cards,stigmataCard
herald,11,cards,scourge
herald,12,relic,flayersCenser
herald,13,cards,reclamation
herald,14,feat,heraldMasteryResolve
herald,15,cards,desperateRite
herald,15,cards,emberTideCard
herald,16,weapon,armament/greatsword
herald,17,cards,lastMercy
herald,18,armament,armor/herald/emberhabit
herald,19,cards,bloodOfferingRite
herald,19,cards,harbingerOfBlightCard
herald,20,relic,blightTouchedIdol
