# content/source/variableBindings.csv — what each variable reads, per scope
#
# One row per (scope, scopeId, node, variable): the balance.js row that
# variable is worth in that scope. Resolution is a ladder, highest scope wins:
#   instance › upgrade › class › default
#   default   scopeId ''             the shipped tuning
#   class     scopeId a class id     a class's own tuning of a shared node
#   upgrade   scopeId a level        the smith's tier table (per copy, per run)
#   instance  scopeId an instanceId  this one copy
# Only default rows ship today; the other scopes are the shape phase 2b needs
# for per-copy relic passives, so they are declared and validated now.
# NUMBERS LIVE IN src/content/balance.js. balancePath names a row there; a
# literal number in this column is refused by name.
# columns: scope, scopeId, nodeId, variable, balancePath
scope,scopeId,nodeId,variable,balancePath
default,,staggerBreak,magicalImpactAdd,exposure.staggerBreakImpact
default,,siphon,restoreMana,exposure.siphonRefund
default,,siphon,restoreMana_2,exposure.siphonRefundMastered
default,,siphon,siphonMasteryLevel,exposure.siphonMasteryLevel
default,,overcharge,overchargeBuildupMult,exposure.overchargeBuildupMult
default,,staggerBreak,poiseDamage,exposure.staggerBreakPoise
default,,resonance,spreadPct,exposure.resonanceSpreadPct
default,,forsakenMedallion,poiseDamage,powers.forsakenMedallion.poiseDamage
default,,starstoneShard,starstoneCharge,powers.starstoneShard.starstoneCharge
default,,starstoneShard,restoreMana,powers.starstoneShard.restoreMana
default,,cutpursesCoin,prepared,powers.cutpursesCoin.prepared
default,,cutpursesCoin,venom,powers.cutpursesCoin.venom
default,,goldFigurine,block,powers.goldFigurine.block
default,,goldenSprout,heal,powers.goldenSprout.heal
default,,whetstoneFragment,damage,powers.whetstoneFragment.damage
default,,kindlingCharm,draw,powers.kindlingCharm.draw
default,,goldleafCharm,block,powers.goldleafCharm.block
default,,crackedLantern,gainEnergy,powers.crackedLantern.gainEnergy
default,,sacrificialKnife,bleed,powers.sacrificialKnife.bleed
default,,curedHide,block,powers.curedHide.block
default,,ivoryComb,draw,powers.ivoryComb.draw
default,,ivoryComb,n,powers.ivoryComb.n
default,,fellWardenBrand,draw,powers.fellWardenBrand.draw
default,,bloodiedTalisman,loseHp,powers.bloodiedTalisman.loseHp
default,,twinnedArmor,block,powers.twinnedArmor.block
default,,twinnedArmor,n,powers.twinnedArmor.n
default,,blightTouchedIdol,crimsonBlight,powers.blightTouchedIdol.crimsonBlight
default,,warhorn,strength,powers.warhorn.strength
default,,vowOfVengeance,strength,powers.vowOfVengeance.strength
default,,pearlOfSagacity,gainEnergy,powers.pearlOfSagacity.gainEnergy
default,,pearlOfSagacity,n,powers.pearlOfSagacity.n
default,,blessedDew,heal,powers.blessedDew.heal
default,,azureSigil,gainEnergy,powers.azureSigil.gainEnergy
default,,bloodstainedChalice,block,powers.bloodstainedChalice.block
default,,goldboughSapling,block,powers.goldboughSapling.block
default,,wyrmHeart,gainEnergy,powers.wyrmHeart.gainEnergy
default,,titansCinder,strength,powers.titansCinder.strength
default,,radiantAegis,block,powers.radiantAegis.block
default,,flayersCenser,crimsonBlight,powers.flayersCenser.crimsonBlight
default,,vigilantHalo,heal,powers.vigilantHalo.heal
default,,carrionTalon,damage,powers.carrionTalon.damage
default,,emberIdol,damage,powers.emberIdol.damage
default,,crownOfStitches,strength,powers.crownOfStitches.strength
default,,crownOfStitches,frail,powers.crownOfStitches.frail
default,,wardenHorn,draw,powers.wardenHorn.draw
default,,wardenHorn,loseHp,powers.wardenHorn.loseHp
default,,ashOfRemembrance,gainEnergy,powers.ashOfRemembrance.gainEnergy
default,,ashOfRemembrance,madness,powers.ashOfRemembrance.madness
default,,cinderOfTheFallen,madness,powers.cinderOfTheFallen.madness
default,,cinderOfTheFallen,gainEnergy,powers.cinderOfTheFallen.gainEnergy
default,,crimsonCovenant,loseHp,powers.crimsonCovenant.loseHp
default,,crimsonCovenant,bleed,powers.crimsonCovenant.bleed
default,,travelersWhetstone,strength,powers.travelersWhetstone.strength
default,,moonlitVial,block,powers.moonlitVial.block
default,,wardensLantern,draw,powers.wardensLantern.draw
default,,hollowedHorn,vulnerable,powers.hollowedHorn.vulnerable
default,,gildedTear,heal,powers.gildedTear.heal
default,,watchmansBadge,strength,powers.watchmansBadge.strength
default,,howlingStandard,strength,powers.howlingStandard.strength
default,,emberwickCharm,gainEnergy,powers.emberwickCharm.gainEnergy
default,,carrionMorsel,heal,powers.carrionMorsel.heal
default,,gravetendersBell,draw,powers.gravetendersBell.draw
default,,sentinelsOath,strength,powers.sentinelsOath.strength
default,,sentinelsOath,n,powers.sentinelsOath.n
default,,forsakenWarflag,weak,powers.forsakenWarflag.weak
default,,wrathCoil,damage,powers.wrathCoil.damage
default,,favored,skillXpMult,skill.favoredXpMult
default,,ashenGrip,restoreStamina,powers.ashenGrip.restoreStamina
default,,lodestarShard,restoreMana,powers.lodestarShard.restoreMana
default,,waxenSeal,heal,powers.waxenSeal.heal
default,,whetstonePouch,bleed,powers.whetstonePouch.bleed
default,,cost.action,amount,costs.action
default,,cost.stamina,amount,costs.stamina
default,,cost.mana,amount,costs.mana
default,,ironFooting,block,classTree.ironFooting.block
default,,bloodTempo,draw,classTree.bloodTempo.draw
default,,ashenReserve,restoreStamina,classTree.ashenReserve.restoreStamina
default,,grimHarvest,heal,classTree.grimHarvest.heal
default,,warlord,strength,classTree.warlord.strength
default,,bulwarkKing,block,classTree.bulwarkKing.block
default,,attunedMind,draw,classTree.attunedMind.draw
default,,starlitFocus,starstoneCharge,classTree.starlitFocus.starstoneCharge
default,,lodestarCap,restoreMana,classTree.lodestarCap.restoreMana
default,,arcaneDraw,draw,classTree.arcaneDraw.draw
default,,conduit,restoreStamina,classTree.conduit.restoreStamina
default,,reservoir,restoreMana,classTree.reservoir.restoreMana
default,,warmth,block,classTree.warmth.block
default,,vigil,heal,classTree.vigil.heal
default,,sealOfPlenty,restoreMana,classTree.sealOfPlenty.restoreMana
default,,wakingRot,crimsonBlight,classTree.wakingRot.crimsonBlight
default,,martyr,block,classTree.martyr.block
default,,saint,heal,classTree.saint.heal
default,,quickHands,prepared,classTree.quickHands.prepared
default,,secondWind,draw,classTree.secondWind.draw
default,,honedEdge,bleed,classTree.honedEdge.bleed
default,,poisonedPouch,venom,classTree.poisonedPouch.venom
default,,assassin,prepared,classTree.assassin.prepared
default,,assassin,draw,classTree.assassin.draw
default,,shadow,block,classTree.shadow.block
default,,partingBlow,damage,classTree.partingBlow.damage
default,,ironRebuke,damage,classTree.ironRebuke.damage
default,,cinderGrip,bleed,classTree.cinderGrip.bleed
default,,mendingGrip,heal,classTree.mendingGrip.heal
default,,spentStars,restoreMana,classTree.spentStars.restoreMana
default,,fallingStar,damage,classTree.fallingStar.damage
default,,lodestarPull,vulnerable,classTree.lodestarPull.vulnerable
default,,shardHunger,restoreMana,classTree.shardHunger.restoreMana
default,,burningGrace,damage,classTree.burningGrace.damage
default,,dazzlingLight,weak,classTree.dazzlingLight.weak
default,,anointedBlade,strength,classTree.anointedBlade.strength
default,,unsealedScroll,draw,classTree.unsealedScroll.draw
default,,lowProfile,block,classTree.lowProfile.block
default,,feint,poiseDamage,classTree.feint.poiseDamage
default,,spareWhetstone,gainEnergy,classTree.spareWhetstone.gainEnergy
default,,whettedGuard,block,classTree.whettedGuard.block
default,,restHpSmall,pct,rest.hpSmallPct
default,,restHpPartial,pct,rest.hpPartialPct
default,,restManaFlat,restoreMana,rest.mana.flat
default,,restManaFloor,floorPct,rest.mana.floorPct
default,,hollowSquire,block,powers.hollowSquire.block
default,,emberHound,damage,powers.emberHound.damage
default,,emberSigil,block,sigils.emberSigil.block
default,,thornSigil,bleed,sigils.thornSigil.bleed
default,,tideSigil,n,sigils.tideSigil.n
default,,tideSigil,draw,sigils.tideSigil.draw
default,,hearthSigil,block,sigils.hearthSigil.block
default,,vigilSigil,pct,sigils.vigilSigil.pct
default,,vigilSigil,block,sigils.vigilSigil.block
default,,pyreSigil,block,sigils.pyreSigil.block
default,,gravelightSigil,pct,sigils.gravelightSigil.pct
default,,gravelightSigil,heal,sigils.gravelightSigil.heal
default,,progression-emberjaw-token,bleed,progressionRelics.progression-emberjaw-token.bleed
default,,progression-cracked-war-anvil,poiseDamage,progressionRelics.progression-cracked-war-anvil.poiseDamage
default,,progression-cinderbound-crown,heal,progressionRelics.progression-cinderbound-crown.heal
default,,progression-moonwell-lens,block,progressionRelics.progression-moonwell-lens.block
default,,progression-nightglass-rosary,restoreMana,progressionRelics.progression-nightglass-rosary.restoreMana
default,,progression-fragment-of-the-third-sky,block,progressionRelics.progression-fragment-of-the-third-sky.block
default,,progression-whisperglass-die,chargeDamage,progressionRelics.progression-whisperglass-die.chargeDamage
default,,progression-purse-of-borrowed-shadows,block,progressionRelics.progression-purse-of-borrowed-shadows.block
default,,progression-ember-alms-bowl,block,progressionRelics.progression-ember-alms-bowl.block
default,,progression-ossuary-prayer-wheel,restoreMana,progressionRelics.progression-ossuary-prayer-wheel.restoreMana
default,,feat:coal-on-steel,bleed,progressionFeats.coal-on-steel.bleed
default,,feat:brace-and-bite,damage,progressionFeats.brace-and-bite.damage
default,,feat:red-footwork,draw,progressionFeats.red-footwork.draw
default,,feat:anvil-discipline,break,progressionFeats.anvil-discipline.break
default,,feat:forge-momentum,damage,progressionFeats.forge-momentum.damage
default,,feat:paid-in-blood,damage,progressionFeats.paid-in-blood.damage
default,,feat:last-rampart,block,progressionFeats.last-rampart.block
default,,feat:last-rampart,hpPct,progressionFeats.last-rampart.hpPct
default,,feat:war-cadence,block,progressionFeats.war-cadence.block
default,,feat:broad-sentence,damage,progressionFeats.broad-sentence.damage
default,,feat:ember-sovereign,damage,progressionFeats.ember-sovereign.damage
default,,feat:nightglass-scholar,damage,progressionFeats.nightglass-scholar.damage
default,,feat:smoke-dancer,damage,progressionFeats.smoke-dancer.damage
default,,feat:dread-of-the-hammer,damage,progressionFeats.dread-of-the-hammer.damage
default,,feat:scarred-oath,block,progressionFeats.scarred-oath.block
default,,feat:harvest-the-wound,heal,progressionFeats.harvest-the-wound.heal
default,,feat:sepulchral-promise,heal,progressionFeats.sepulchral-promise.heal
default,,feat:orbit-keeper,damage,progressionFeats.orbit-keeper.damage
default,,feat:moonward-scholar,block,progressionFeats.moonward-scholar.block
default,,feat:moonward-scholar,manaSpent,progressionFeats.moonward-scholar.manaSpent
default,,feat:comet-reader,vulnerable,progressionFeats.comet-reader.vulnerable
default,,feat:weight-of-the-void,weak,progressionFeats.weight-of-the-void.weak
default,,feat:crooked-measure,weak,progressionFeats.crooked-measure.weak
default,,feat:mirror-of-rime,buildup,progressionFeats.mirror-of-rime.buildup
default,,feat:constellation-keeper,damage,progressionFeats.constellation-keeper.damage
default,,feat:patient-wellspring,block,progressionFeats.patient-wellspring.block
default,,feat:eclipse-hunter,damage,progressionFeats.eclipse-hunter.damage
default,,feat:firmament-keeper,block,progressionFeats.firmament-keeper.block
default,,feat:celestial-refrain,block,progressionFeats.celestial-refrain.block
default,,feat:memory-of-winter,retainBlockUpTo,progressionFeats.memory-of-winter.retainBlockUpTo
default,,feat:threefold-sky,draw,progressionFeats.threefold-sky.draw
default,,feat:first-knife,damage,progressionFeats.first-knife.damage
default,,feat:pocket-method,block,progressionFeats.pocket-method.block
default,,feat:open-flank,damage,progressionFeats.open-flank.damage
default,,feat:hidden-palm,block,progressionFeats.hidden-palm.block
default,,feat:tighten-the-wire,damage,progressionFeats.tighten-the-wire.damage
default,,feat:carrion-measure,damage,progressionFeats.carrion-measure.damage
default,,feat:carrion-measure,hpPct,progressionFeats.carrion-measure.hpPct
default,,feat:two-quiet-knives,damage,progressionFeats.two-quiet-knives.damage
default,,feat:trapdoor-smile,damage,progressionFeats.trapdoor-smile.damage
default,,feat:clean-exit,restoreStamina,progressionFeats.clean-exit.restoreStamina
default,,feat:razor-ledger,damage,progressionFeats.razor-ledger.damage
default,,feat:ashen-mercy,heal,progressionFeats.ashen-mercy.heal
default,,feat:censer-keeper,block,progressionFeats.censer-keeper.block
default,,feat:sower-of-blight,buildup,progressionFeats.sower-of-blight.buildup
default,,feat:funeral-watch,block,progressionFeats.funeral-watch.block
default,,feat:funeral-watch,hpPct,progressionFeats.funeral-watch.hpPct
default,,feat:ember-almoner,regen,progressionFeats.ember-almoner.regen
default,,feat:choir-of-bone,restoreStamina,progressionFeats.choir-of-bone.restoreStamina
default,,feat:requiem-reader,damage,progressionFeats.requiem-reader.damage
default,,feat:pilgrim-of-scars,heal,progressionFeats.pilgrim-of-scars.heal
default,,feat:pilgrim-of-scars,hpPct,progressionFeats.pilgrim-of-scars.hpPct
default,,feat:crowned-offering,damage,progressionFeats.crowned-offering.damage
default,,feat:dawn-cantor,block,progressionFeats.dawn-cantor.block
default,,feat:bearer-of-burdens,restoreMana,progressionFeats.bearer-of-burdens.restoreMana
