"family","scope","id","kind","directDamage","counterReply","source","damageType","camp","maneuver","school","counterMode","delivery","technique","theme"
"card","","strike","attack","true","false","weapon","equipped source","physical","attack","","","delivery:melee","",""
"card","","defend","skill","false","false","","","physical","defend","","","","",""
"card","","technique","skill","false","false","","","physical","defend","","","","",""
"card","","evasiveGuard","skill","false","false","","","physical","defend","","","","",""
"card","","dodgeRoll","skill","false","false","","","physical","defend","","","","",""
"card","","gorefireSlash","attack","true","false","weapon","equipped source","physical","attack","","","delivery:melee","","theme:blood"
"card","","crimsonCleave","attack","true","false","weapon","equipped source","physical","sweep","","","delivery:area|delivery:melee","technique:cleave","theme:blood"
"card","","shieldBash","attack","true","false","weapon","blunt","physical","smash","","","delivery:melee","",""
"card","","quickstep","skill","false","false","unarmed","","physical","defend","","","","technique:flourish",""
"card","","guardCounter","attack","false","true","weapon","equipped source","physical","counter","","melee","delivery:melee","technique:flourish|technique:counter",""
"card","","ironResolve","skill","false","false","","","physical","defend","","","","",""
"card","","serratedBlade","attack","true","false","weapon","equipped source","physical","attack","","","delivery:melee","","theme:blood"
"card","","enterGorefire","skill","false","false","","","physical","","","","","","theme:oath|theme:stance|theme:blood"
"card","","enterBulwark","skill","false","false","","","physical","defend","","","","","theme:oath|theme:stance"
"card","","riposte","attack","false","true","weapon","equipped source","physical","counter","","melee","delivery:melee","technique:flourish|technique:counter",""
"card","","rend","attack","true","false","weapon","equipped source","physical","attack","","","delivery:melee","","theme:blood"
"card","","cleavingBlow","attack","true","false","weapon","equipped source","physical","sweep","","","delivery:area|delivery:melee","technique:cleave",""
"card","","stomp","attack","true","false","unarmed","blunt","physical","smash","","","delivery:melee","",""
"card","","rallyingStandard","power","false","false","","","physical","","","","","",""
"card","","warSurgeon","skill","false","false","","","physical","","","","","",""
"card","","hemorrhage","skill","false","false","","","physical","","","","","","theme:blood"
"card","","twinbladeFlurry","attack","true","false","weapon","equipped source","physical","attack","","","delivery:melee","",""
"card","","shieldwall","skill","false","false","","","physical","defend","","","","",""
"card","","kickOff","attack","true","false","unarmed","blunt","physical","smash","","","delivery:melee","",""
"card","","wardingLunge","skill","false","false","","","physical","defend","","","","",""
"card","","impale","attack","true","false","weapon","piercing","physical","attack","","","delivery:melee","",""
"card","","warcry","skill","false","false","weapon","","physical","","","","","",""
"card","","executioner","attack","true","false","weapon","equipped source","physical","attack","","","delivery:melee","",""
"card","","goreblood","power","false","false","","","physical","","","","","","theme:blood"
"card","","unbreakable","power","false","false","","","physical","defend","","","","",""
"card","","stitchedArms","attack","true","false","weapon","equipped source","physical","attack","","","delivery:melee","",""
"card","","lastStand","skill","false","false","","","physical","defend","","","","",""
"card","","warriorsVow","skill","false","false","","","physical","","","","","",""
"card","","ruinousBlow","attack","true","false","weapon","equipped source","physical","smash","","","delivery:melee","technique:heavy",""
"card","","bloodhuntersStrike","attack","true","false","weapon","equipped source","physical","attack","","","delivery:melee","","theme:blood"
"card","","sanguinePactCard","power","false","false","","","physical","","","","","","theme:blood"
"card","","goreslash","attack","true","false","weapon","equipped source","physical","attack","","","delivery:melee","","theme:blood"
"card","","bracingStance","skill","false","false","weapon","","physical","defend","","","","",""
"card","","flameToBlade","attack","true","false","weapon","equipped source","physical","attack","","","delivery:melee","",""
"card","","ironVowCard","power","false","false","","","physical","defend","","","","",""
"card","","bloodTithe","attack","true","false","weapon","equipped source","physical","attack","","","delivery:melee","","theme:blood"
"card","","poiseBreaker","attack","true","false","weapon","equipped source","physical","smash","","","delivery:melee","technique:heavy",""
"card","","rondelParry","skill","false","true","weapon","equipped source","physical","counter","","melee","","technique:counter",""
"card","","sunderplate","attack","true","false","weapon","equipped source","physical","smash","","","delivery:melee","technique:heavy",""
"card","","brace","skill","false","false","","","physical","defend","","","","",""
"card","","hewingArc","attack","true","false","weapon","equipped source","physical","sweep","","","delivery:melee","","theme:blood"
"card","","sunderingChop","attack","true","false","weapon","equipped source","physical","smash","","","delivery:melee","technique:heavy",""
"card","","setTheShield","skill","false","false","","","physical","defend","","","","","theme:stance"
"card","","aegisOfEmbers","skill","false","false","","","physical","defend","","","","","theme:stance"
"card","","shieldCrash","attack","true","false","weapon","blunt","physical","smash","","","delivery:melee","",""
"card","","starstonePebble","attack","true","false","spell","arcane","spell","","force","","delivery:projectile","","theme:astral"
"card","","cometFragment","attack","true","false","spell","arcane","spell","","force","","delivery:projectile","","theme:astral"
"card","","starbladePhalanx","attack","true","false","spell","arcane","spell","","force","","delivery:projectile","","theme:astral"
"card","","crystalBarrier","skill","false","false","spell","","spell","defend","alteration","","","","theme:astral"
"card","","starShower","attack","true","false","spell","arcane","spell","","force","","delivery:projectile","","theme:astral"
"card","","scholarsInsight","skill","false","false","spell","","spell","","illusion","","","","theme:astral"
"card","","frostVeil","skill","false","false","","","spell","defend","frost","","","","theme:astral"
"card","","starSlicer","attack","true","false","spell","arcane","spell","","force","","delivery:melee","","theme:astral"
"card","","starstoneWard","skill","false","false","","","spell","defend","alteration","","","","theme:astral"
"card","","starlance","attack","true","false","spell","arcane","spell","","force","","delivery:projectile","","theme:astral"
"card","","twinkling","skill","false","false","","","spell","","illusion","","","","theme:astral"
"card","","frostNova","attack","true","false","spell","frost","spell","","frost","","","","theme:astral"
"card","","starstoneArc","attack","true","false","spell","arcane","spell","","force","","delivery:projectile","","theme:astral"
"card","","lucidity","skill","false","false","","","spell","","illusion","","","","theme:astral"
"card","","stargazerCard","power","false","false","","","spell","","illusion","","","","theme:astral"
"card","","astralArmorCard","power","false","false","","","spell","","alteration","","","","theme:astral"
"card","","moonrendCut","attack","true","false","spell","arcane","spell","","force","","delivery:melee","","theme:astral"
"card","","meteorite","attack","true","false","spell","arcane","spell","","force","","delivery:projectile","","theme:astral"
"card","","meteorSwarm","attack","true","false","spell","arcane","spell","","force","","delivery:projectile|delivery:area","","theme:astral"
"card","","gravityWell","skill","false","false","spell","","spell","","alteration","","","","theme:astral"
"card","","azureCoilCard","power","false","false","","","spell","","lightning","","","","theme:astral"
"card","","astralCleave","attack","true","false","spell","arcane","spell","","force","","delivery:melee","","theme:astral"
"card","","radiantSpray","attack","true","false","spell","arcane","spell","","force","","delivery:projectile|delivery:area","","theme:astral"
"card","","supernova","attack","true","false","spell","arcane","spell","","force","","delivery:area","","theme:astral"
"card","","timeDilation","skill","false","false","","","spell","","alteration","","","","theme:astral"
"card","","starstoneKris","attack","true","false","spell","arcane","spell","","force","","delivery:melee","","theme:astral"
"card","","constellationCard","power","false","false","","","spell","","illusion","","","","theme:astral"
"card","","starfallBeam","attack","true","false","spell","arcane","spell","","force","","delivery:projectile|delivery:area","","theme:astral"
"card","","starcaller","attack","true","false","spell","arcane","spell","","force","","delivery:projectile","","theme:astral"
"card","","umbralWard","skill","false","true","spell","equipped source","spell","counter","alteration","spell","","","theme:astral"
"card","","waxingMoonCard","power","false","false","","","spell","","illusion","","","","theme:astral"
"card","","shootingShard","attack","true","false","spell","arcane","spell","","force","","delivery:projectile","","theme:astral"
"card","","wardingStar","skill","false","true","spell","equipped source","spell","counter","alteration","spell","","","theme:astral"
"card","","starPath","skill","false","false","spell","","spell","","illusion","","","","theme:astral"
"card","","moonlitShieldCard","power","false","false","","","spell","","alteration","","","","theme:astral"
"card","","celestialLance","attack","true","false","spell","arcane","spell","","force","","delivery:projectile","","theme:astral"
"card","","astromancerCard","power","false","false","","","spell","","illusion","","","","theme:astral"
"card","","starSpark","attack","true","false","spell","lightning","spell","","lightning","","delivery:projectile","","theme:astral"
"card","","astralInsight","skill","false","false","","","spell","defend","alteration","","","","theme:astral"
"card","","attune","skill","false","false","","","spell","","alteration","","","",""
"card","","cinderSigil","attack","true","false","spell","fire","spell","","fire","","delivery:projectile","","theme:astral"
"card","","ashenMote","attack","true","false","spell","fire","spell","","fire","","delivery:projectile","","theme:astral"
"card","","emberVigil","skill","false","false","spell","","spell","defend","fire","","","","theme:astral"
"card","","readTheAsh","skill","false","false","spell","","spell","","fire","","","","theme:astral"
"card","","pyreOfCharts","attack","true","false","spell","fire","spell","","fire","","delivery:projectile|delivery:area","","theme:astral"
"card","","ashCircle","skill","false","false","","","spell","defend","fire","","","","theme:astral"
"card","","kindledOmen","skill","false","false","","","spell","","fire","","","","theme:astral"
"card","","cinderLance","attack","true","false","spell","fire","spell","","fire","","delivery:projectile","","theme:astral"
"card","","ashfallRite","attack","true","false","spell","fire","spell","","fire","","delivery:area","","theme:astral"
"card","","phoenixChart","skill","false","false","","","spell","defend","divine","","","","theme:astral"
"card","","pyreLight","attack","true","false","spell","fire","spell","","fire","","delivery:projectile","","theme:astral"
"card","","riteOfCinders","skill","false","false","","","spell","","fire","","","","theme:astral"
"card","","urgentHeal","skill","false","false","","","spell","","divine","","","",""
"card","","emberCommunion","skill","false","false","","","spell","","divine","","","",""
"card","","bloodPact","skill","false","false","","","spell","","decay","","","","theme:blood"
"card","","blightTouch","attack","true","false","spell","decay","spell","","decay","","delivery:melee","","theme:blight"
"card","","flagellation","attack","true","false","spell","decay","spell","","decay","","delivery:melee","",""
"card","","penance","skill","false","false","spell","","spell","defend","divine","","","",""
"card","","litany","skill","false","false","","","spell","","decay","","","",""
"card","","graveOffering","attack","true","false","spell","decay","spell","","decay","","delivery:area","",""
"card","","bloodletting","skill","false","false","","","spell","defend","decay","","","","theme:blood"
"card","","contagion","skill","false","false","","","spell","","decay","","","","theme:blight"
"card","","cullTheWeak","attack","true","false","spell","decay","spell","","decay","","","",""
"card","","transfusion","skill","false","false","","","spell","","divine","","","",""
"card","","blightward","skill","false","false","spell","","spell","defend","divine","","","","theme:blight"
"card","","martyrBlood","skill","false","false","","","spell","","decay","","","","theme:blood"
"card","","blightBloom","skill","false","false","","","spell","","decay","","","","theme:blight"
"card","","sacredHarvest","attack","true","false","spell","sacred","spell","","divine","","","",""
"card","","thornHaloCard","power","false","false","","","spell","","divine","","","",""
"card","","communionCard","power","false","false","","","spell","","divine","","","",""
"card","","gildedOath","skill","false","false","spell","","spell","","divine","","","","theme:oath"
"card","","plagueBearer","attack","true","false","spell","decay","spell","","decay","","","","theme:blight"
"card","","exsanguinate","attack","true","false","spell","decay","spell","","decay","","","","theme:blood"
"card","","stigmataCard","power","false","false","","","spell","","decay","","","",""
"card","","scourge","attack","true","false","spell","decay","spell","","decay","","delivery:area","",""
"card","","reclamation","skill","false","false","spell","","spell","","divine","","","",""
"card","","secondBloom","skill","false","false","","","spell","","divine","","","",""
"card","","butterflyPlague","skill","false","false","","","spell","","decay","","","","theme:blight"
"card","","lifeTitheCard","power","false","false","","","spell","","divine","","","",""
"card","","crimsonRite","attack","true","false","spell","decay","spell","","decay","","","","theme:blood"
"card","","blightNova","attack","true","false","spell","decay","spell","","decay","","","","theme:blight"
"card","","lastRites","skill","false","false","","","spell","","divine","","","",""
"card","","zealotryCard","power","false","false","","","spell","","divine","","","",""
"card","","bloodHarvest","attack","true","false","spell","decay","spell","","decay","","delivery:area","","theme:blood"
"card","","painOffering","attack","true","false","spell","decay","spell","","decay","","","","theme:blood"
"card","","witheringTouch","attack","true","false","spell","decay","spell","","decay","","delivery:melee","","theme:blight"
"card","","desperateRite","attack","true","false","spell","decay","spell","","decay","","","",""
"card","","emberTideCard","power","false","false","","","spell","","decay","","","",""
"card","","bloodOfferingRite","attack","true","false","spell","decay","spell","","decay","","","","theme:blood"
"card","","harbingerOfBlightCard","power","false","false","","","spell","","decay","","","","theme:blight"
"card","","blightwardLash","attack","true","false","spell","decay","spell","","decay","","delivery:melee","","theme:blight"
"card","","lastMercy","skill","false","false","spell","","spell","defend","divine","","","",""
"card","","warmLitany","skill","false","false","","","spell","defend","divine","","","",""
"card","","ambush","attack","true","false","weapon","equipped source","physical","attack","","","delivery:melee","",""
"card","","rogueShiv","attack","true","false","weapon","piercing","physical","attack","","","delivery:melee","technique:flourish",""
"card","","smokePellet","skill","false","false","","","physical","defend","","","","",""
"card","","quickCut","attack","true","false","weapon","equipped source","physical","attack","","","delivery:melee","technique:flourish",""
"card","","feint","skill","false","false","weapon","","physical","","","","","",""
"card","","backstep","skill","false","false","unarmed","","physical","defend","","","","technique:flourish",""
"card","","twinPrick","attack","true","false","weapon","piercing","physical","attack","","","delivery:melee","technique:flourish",""
"card","","pocketSand","skill","false","false","weapon","","physical","defend","","","","",""
"card","","hamstringRogue","attack","true","false","weapon","equipped source","physical","attack","","","delivery:melee","",""
"card","","serratedShiv","attack","true","false","weapon","piercing","physical","attack","","","delivery:melee","","theme:blood"
"card","","smokeVeil","skill","false","false","","","physical","defend","","","","",""
"card","","ricochet","attack","true","false","weapon","piercing","physical","ranged","","","delivery:projectile|delivery:area","",""
"card","","lowBlow","attack","true","false","weapon","equipped source","physical","attack","","","delivery:melee","",""
"card","","pilfer","skill","false","false","","","physical","","","","","",""
"card","","vanish","skill","false","false","weapon","","physical","defend","","","","",""
"card","","cheapShot","attack","true","false","weapon","equipped source","physical","attack","","","delivery:melee","",""
"card","","bladeDanceRogue","attack","true","false","weapon","equipped source","physical","attack","","","delivery:melee","technique:flourish",""
"card","","garrote","attack","true","false","weapon","equipped source","physical","attack","","","delivery:melee","","theme:blood"
"card","","fanOfKnives","attack","true","false","weapon","piercing","physical","ranged","","","delivery:projectile|delivery:area","",""
"card","","setupRogue","skill","false","false","","","physical","","","","","",""
"card","","acrobaticsRogue","skill","false","false","","","physical","defend","","","","technique:flourish",""
"card","","disorient","skill","false","false","","","physical","","","","","",""
"card","","coupDeGrace","attack","true","false","weapon","equipped source","physical","attack","","","delivery:melee","technique:precision",""
"card","","sap","attack","true","false","weapon","equipped source","physical","attack","","","delivery:melee","",""
"card","","shadowstep","skill","false","false","","","physical","defend","","","","technique:flourish",""
"card","","afterimageCard","power","false","false","","","physical","","","","","technique:flourish","theme:oath"
"card","","bloodletterRogue","skill","false","false","","","physical","","","","","","theme:blood"
"card","","venomcoat","skill","false","false","","","physical","","","","","","theme:oath"
"card","","misdirect","skill","false","false","","","physical","defend","","","","",""
"card","","assassinate","attack","true","false","weapon","equipped source","physical","attack","","","delivery:melee","technique:precision",""
"card","","thousandCutsRogue","attack","true","false","weapon","equipped source","physical","attack","","","delivery:melee","technique:flourish",""
"card","","deadlyTempoCard","power","false","false","","","physical","","","","","technique:flourish","theme:oath"
"card","","opportunistCard","power","false","false","","","physical","","","","","","theme:oath"
"card","","envenomCard","power","false","false","","","physical","","","","","","theme:oath"
"card","","toxicVolley","skill","false","false","","","physical","ranged","","","","",""
"card","","smokeBomb","skill","false","false","weapon","","physical","defend","","","","",""
"card","","executionWindow","skill","false","false","","","physical","","","","","technique:precision",""
"card","","perfectHeist","skill","false","false","weapon","","physical","","","","","",""
"card","","deathblow","attack","true","false","weapon","equipped source","physical","attack","","","delivery:melee","technique:precision",""
"card","","prepare","skill","false","false","","","physical","","","","","",""
"card","","pinningShot","attack","true","false","weapon","piercing","physical","ranged","","","delivery:projectile","",""
"card","","arrowVolley","attack","true","false","weapon","piercing","physical","ranged","","","delivery:projectile|delivery:area","",""
"card","","nockAndWait","skill","false","true","weapon","equipped source","physical","counter","","ranged","","technique:precision",""
"card","","aimedShot","attack","true","false","weapon","piercing","physical","ranged","","","delivery:projectile","technique:precision",""
"card","","barbedArrow","attack","true","false","weapon","piercing","physical","ranged","","","delivery:projectile","","theme:blood"
"card","","bindingParry","skill","false","true","weapon","equipped source","physical","counter","","melee","","technique:flourish|technique:counter",""
"card","","whirlingGuard","attack","true","false","weapon","equipped source","physical","sweep","","","delivery:melee","technique:flourish",""
"card","","katanaDrawCut","attack","true","false","weapon","slashing","physical","attack","","","delivery:melee","technique:flourish",""
"card","","greatswordSunderingHew","attack","true","false","weapon","slashing","physical","smash","","","delivery:melee","technique:heavy",""
"card","","honedEdge","skill","false","false","","","physical","","","","","",""
"card","","ironSkin","skill","false","false","","","physical","defend","","","","",""
"card","","fieldDressing","skill","false","false","","","physical","","","","","",""
"card","","hex","skill","false","false","","","spell","","illusion","","","",""
"card","","transmute","skill","false","false","","","spell","","alteration","","","",""
"card","","twinFang","attack","true","false","weapon","piercing","physical","attack","","","delivery:melee","",""
"card","","blindingSand","skill","false","false","","","physical","","","","","",""
"card","","hamstring","skill","false","false","","","physical","","","","","",""
"card","","masterOfStrategy","skill","false","false","","","physical","","","","","",""
"card","","bashingBlow","attack","true","false","weapon","blunt","physical","smash","","","delivery:melee","",""
"card","","quickGuard","skill","false","false","","","physical","defend","","","","",""
"card","","sweepingBlow","attack","true","false","weapon","equipped source","physical","sweep","","","delivery:area|delivery:melee","technique:cleave",""
"card","","enfeeble","skill","false","false","","","physical","","","","","",""
"card","","colossusSmash","attack","true","false","weapon","blunt","physical","smash","","","delivery:melee","technique:heavy",""
"card","","wound","status","false","false","","","physical","","","","","",""
"card","","dazed","status","false","false","","","physical","","","","","",""
"card","","slimed","status","false","false","","","physical","","","","","",""
"card","","guilt","curse","false","false","","","physical","","","","","",""
"card","","rallyingBanner","skill","false","false","","","physical","","","","","",""
"card","","sharedFlame","skill","false","false","","","spell","","divine","","","",""
"card","","ashOath","skill","false","false","","","spell","","divine","","","",""
"card","","shieldGuardian","skill","false","false","","","physical","defend","","","","",""
"card","","guardianBulwark","skill","false","false","","","physical","defend","","","","",""
"card","","shieldBastion","skill","false","false","","","physical","defend","","","","",""
"card","","spikedReprisal","attack","false","true","weapon","piercing","physical","counter","","melee","delivery:melee","",""
"card","","rimeThrust","attack","true","false","weapon","piercing","physical","attack","","","delivery:melee","",""
"card","","kilnCleave","attack","true","false","weapon","equipped source","physical","smash","","","delivery:melee","",""
"card","","vesperWard","skill","false","false","spell","","spell","defend","divine","","","",""
"card","","progression-ember-hew","attack","true","false","weapon","equipped source","physical","attack","","","","ability:searing-edge",""
"card","","progression-cinder-guard","skill","false","false","weapon","","physical","defend","","","","ability:guarded-strike",""
"card","","progression-bloodstep","skill","false","false","weapon","","physical","defend","","","","ability:bloodstep",""
"card","","progression-breaker-s-toll","attack","true","false","weapon","equipped source","physical","smash","","","","ability:hammerfall",""
"card","","progression-furnace-advance","attack","true","false","weapon","equipped source","physical","attack","","","","ability:forgewake",""
"card","","progression-crimson-reprisal","attack","false","true","weapon","equipped source","physical","counter","","melee","","ability:crimson-reprisal",""
"card","","progression-warbound-defiance","skill","false","false","weapon","","physical","defend","","","","ability:last-stand",""
"card","","progression-red-standard","skill","false","false","weapon","","physical","defend","","","","ability:war-tempo",""
"card","","progression-ashen-cleaver","attack","true","false","weapon","equipped source","physical","sweep","","","","ability:wide-cleave",""
"card","","progression-crown-of-cinders","skill","false","false","weapon","","physical","defend","","","","ability:ember-crown",""
"card","","progression-cinder-orbit","attack","true","false","spell","fire","spell","","fire","","","ability:cinder-orbit",""
"card","","progression-lunar-aegis","skill","false","false","spell","","spell","defend","alteration","","","ability:lunar-guard",""
"card","","progression-comet-needle","attack","true","false","spell","arcane","spell","","force","","","ability:comet-mark",""
"card","","progression-rime-mirror","skill","false","true","spell","equipped source","spell","counter","frost","spell","","ability:rime-mirror",""
"card","","progression-falling-constellation","attack","true","false","spell","arcane","spell","","force","","","ability:constellation",""
"card","","progression-wellspring-sigil","skill","false","false","spell","","spell","defend","alteration","","","ability:mana-weave",""
"card","","progression-gravitic-knot","attack","true","false","spell","arcane","spell","","alteration","","","ability:gravity-snare",""
"card","","progression-nightglass-reading","skill","false","false","spell","","spell","defend","illusion","","","ability:nightglass",""
"card","","progression-eclipse-lance","attack","true","false","spell","frost","spell","defend","frost","","","ability:eclipse-window",""
"card","","progression-firmament-ward","skill","false","false","spell","","spell","defend","alteration","","","ability:warded-casting",""
"card","","progression-shiv-of-ash","attack","true","false","weapon","equipped source","physical","attack","","","","ability:ash-opener",""
"card","","progression-pocket-coil","skill","false","false","weapon","","physical","defend","","","","ability:discard-weave",""
"card","","progression-needle-feint","attack","true","false","weapon","equipped source","physical","attack","","","","ability:crooked-guard",""
"card","","progression-back-alley-cut","attack","true","false","weapon","equipped source","physical","attack","","","","ability:exposed-flank",""
"card","","progression-silent-exchange","skill","false","false","weapon","","physical","defend","","","","ability:sleight-hand",""
"card","","progression-wire-snare","attack","true","false","weapon","equipped source","physical","attack","","","","ability:tether-cut",""
"card","","progression-nightstep","skill","false","false","weapon","","physical","defend","","","","ability:smoke-edge",""
"card","","progression-carrion-cut","attack","true","false","weapon","equipped source","physical","attack","","","","ability:carrion-finish",""
"card","","progression-twinshade","attack","true","false","weapon","equipped source","physical","attack","","","","ability:paired-strikes",""
"card","","progression-last-laugh","attack","true","false","weapon","equipped source","physical","attack","","","","ability:trapdoor",""
"card","","progression-ash-benediction","skill","false","false","spell","","spell","defend","divine","","","ability:mercy-ash",""
"card","","progression-blood-censer","attack","true","false","spell","decay","spell","","decay","","","ability:blood-censer",""
"card","","progression-blight-litany","attack","true","false","spell","decay","spell","","decay","","","ability:blight-seed",""
"card","","progression-pallbearer-s-ward","skill","false","false","spell","","spell","defend","divine","","","ability:funeral-guard",""
"card","","progression-ember-tithe","attack","true","false","spell","decay","spell","","decay","","","ability:ember-tithe",""
"card","","progression-ossuary-cant","skill","false","false","spell","","spell","defend","decay","","","ability:bone-chorus",""
"card","","progression-requiem-brand","attack","true","false","spell","decay","spell","","decay","","","ability:requiem-brand",""
"card","","progression-pilgrim-s-shelter","skill","false","false","spell","","spell","defend","divine","","","ability:pilgrim-shelter",""
"card","","progression-crown-of-scars","attack","true","false","spell","decay","spell","defend","decay","","","ability:scarred-rite",""
"card","","progression-dawn-after-ash","skill","false","false","spell","","spell","defend","divine","","","ability:dawn-rite",""
"armament","","straightSword","weapon","true","false","weapon","slashing","","","","","delivery:melee","",""
"armament","","greatsword","weapon","true","false","weapon","slashing","","","","","delivery:melee","technique:heavy",""
"armament","","dagger","weapon","true","false","weapon","piercing","","","","","delivery:melee","technique:flourish",""
"armament","","shortbow","weapon","true","false","weapon","piercing","","","","","delivery:projectile","technique:precision",""
"armament","","katana","weapon","true","false","weapon","slashing","","","","","delivery:melee","technique:flourish","theme:blood"
"armament","","halberd","weapon","true","false","weapon","slashing","","","","","delivery:melee","technique:heavy",""
"armament","","warhammer","weapon","true","false","weapon","blunt","","","","","delivery:melee","technique:heavy",""
"armament","","twinblade","weapon","true","false","weapon","slashing","","","","","delivery:melee","technique:flourish",""
"armament","","battleaxe","weapon","true","false","weapon","slashing","","","","","delivery:melee","technique:heavy",""
"armament","","buckler","shield","true","false","weapon","blunt","","","","","delivery:melee","technique:flourish",""
"armament","","kiteShield","shield","true","false","weapon","blunt","","","","","delivery:melee","",""
"armament","","towerShield","shield","true","false","weapon","blunt","","","","","delivery:melee","technique:heavy",""
"armament","","roundShield","shield","true","false","weapon","blunt","","","","","delivery:melee","",""
"armament","","spikedShield","shield","true","false","weapon","piercing","","","","","delivery:melee","",""
"armament","","lantern","shield","true","false","weapon","blunt","","","","","delivery:melee","",""
"armament","","torch","shield","true","false","weapon","blunt","","","","","delivery:melee","",""
"armament","","parryDagger","shield","true","false","weapon","piercing","","","","","delivery:melee","technique:flourish",""
"armament","","ashStaff","staff","true","false","spell","arcane","","","","","delivery:projectile","",""
"armament","","starstoneStaff","staff","true","false","spell","arcane","","","","","delivery:projectile","","theme:astral"
"armament","","boneSceptre","staff","true","false","spell","arcane","","","","","delivery:projectile","","theme:blight"
"armament","","emberlightSceptre","staff","true","false","spell","arcane","","","","","delivery:projectile","","theme:oath"
"armament","","goldboughBranch","staff","true","false","spell","arcane","","","","","delivery:projectile","","theme:oath"
"armament","","blightRod","staff","true","false","spell","arcane","","","","","delivery:projectile","","theme:blight"
"armament","","gorefireBrand","staff","true","false","spell","arcane","","","","","delivery:projectile","","theme:blood"
"armament","","wyrmhornStaff","staff","true","false","spell","arcane","","","","","delivery:projectile","technique:heavy",""
"armament","","frostSpear","weapon","true","false","weapon","piercing","","","","","delivery:melee","",""
"armament","","cinderAxe","weapon","true","false","weapon","slashing","","","","","delivery:melee","",""
"armament","","duskChime","staff","true","false","spell","arcane","","","","","delivery:projectile","",""
"basicCardProfile","","unarmedAttack","attack","true","false","unarmed","blunt","physical","attack","","","delivery:melee","",""
"basicCardProfile","","shieldAttack","attack","true","false","weapon","equipped source","physical","attack","","","delivery:melee","",""
"basicCardProfile","","bladeAttack","attack","true","false","weapon","equipped source","physical","attack","","","delivery:melee","",""
"basicCardProfile","","twinbladeAttack","attack","true","false","weapon","equipped source","physical","attack","","","delivery:melee","",""
"basicCardProfile","","daggerPierceAttack","attack","true","false","weapon","piercing","physical","attack","","","delivery:melee","technique:flourish",""
"basicCardProfile","","bowPierceAttack","attack","true","false","weapon","piercing","physical","ranged","","","delivery:projectile","technique:precision",""
"basicCardProfile","","staffMagicAttack","attack","true","false","spell","arcane","spell","","force","","delivery:projectile","","theme:astral"
"basicCardProfile","","sceptreArcaneAttack","attack","true","false","spell","arcane","spell","","decay","","delivery:projectile","","theme:blight"
"basicCardProfile","","unarmedGuard","guard","false","false","","","physical","defend","","","","",""
"basicCardProfile","","weaponGuard","guard","false","false","","","physical","defend","","","","",""
"basicCardProfile","","shieldGuard","guard","false","false","","","physical","defend","","","","",""
"basicCardProfile","","staffGuard","guard","false","false","","","spell","defend","alteration","","","","theme:astral"
"basicCardProfile","","sceptreGuard","guard","false","false","","","spell","defend","divine","","","",""
"basicCardProfile","","unarmedTechnique","technique","false","false","","","physical","","","","","technique:flourish",""
"basicCardProfile","","weaponTechnique","technique","false","false","","","physical","","","","","technique:flourish",""
"basicCardProfile","","bowTechnique","technique","false","false","","","physical","","","","","technique:precision",""
"basicCardProfile","","staffTechnique","technique","false","false","","","spell","","alteration","","","",""
"enemyMove","wanderingSoldier","slash","attack","true","false","weapon","slashing","physical","attack","","","delivery:melee","",""
"enemyMove","wanderingSoldier","guard","block","false","false","","","physical","defend","","","","",""
"enemyMove","wanderingSoldier","warcry","buff","false","false","","","physical","","","","","",""
"enemyMove","blightHound","bite","attack","true","false","weapon","piercing","physical","attack","","","delivery:melee","",""
"enemyMove","blightHound","lunge","attack","true","false","weapon","piercing","physical","smash","","","delivery:melee","",""
"enemyMove","huskBrute","club","attack","true","false","weapon","blunt","physical","smash","","","delivery:melee","",""
"enemyMove","huskBrute","bellow","debuff","false","false","","","physical","","","","","",""
"enemyMove","huskBrute","brace","block","false","false","","","physical","defend","","","","",""
"enemyMove","graveWisp","curse","debuff","false","false","","","spell","","illusion","","","",""
"enemyMove","graveWisp","drain","attack","true","false","spell","decay","spell","","decay","","delivery:projectile","",""
"enemyMove","wyrmAspirant","consecrate","buff","false","false","","","spell","","divine","","","",""
"enemyMove","wyrmAspirant","halberdSweep","attack","true","false","weapon","slashing","physical","sweep","","","delivery:area","",""
"enemyMove","wyrmAspirant","tailSlam","attack","true","false","weapon","blunt","physical","smash","","","delivery:melee","",""
"enemyMove","wyrmAspirant","goldenGuard","block","false","false","","","physical","defend","","","","",""
"enemyMove","fellWarden","caneStrike","attack","true","false","weapon","blunt","physical","attack","","","delivery:melee","",""
"enemyMove","fellWarden","hammerToss","attack","true","false","weapon","blunt","physical","ranged","","","delivery:projectile","",""
"enemyMove","fellWarden","heldBlade","attack","true","false","weapon","slashing","physical","smash","","","delivery:melee","",""
"enemyMove","fellWarden","twinDaggers","attack","true","false","weapon","piercing","physical","attack","","","delivery:melee","",""
"enemyMove","lanternMoth","lanternDust","debuff","false","false","","","spell","","illusion","","","",""
"enemyMove","lanternMoth","wingSparks","attack","true","false","spell","lightning","spell","","lightning","","delivery:projectile","",""
"enemyMove","briarHermit","rootShelter","block","false","false","","","spell","defend","alteration","","","",""
"enemyMove","briarHermit","briarCast","attack","true","false","spell","piercing","spell","","alteration","","delivery:projectile","",""
"enemyMove","briarHermit","sapMend","buff","false","false","","","spell","","divine","","","",""
"enemyMove","chainScavenger","hookCast","attack","true","false","weapon","piercing","physical","ranged","","","delivery:projectile","",""
"enemyMove","chainScavenger","chainSnare","debuff","false","true","weapon","piercing","physical","counter","","ranged","delivery:projectile","",""
"enemyMove","chainScavenger","draggingBlow","attack","true","false","weapon","blunt","physical","smash","","","delivery:melee","",""
"enemyMove","bellKeeper","bronzeToll","attack","true","false","weapon","blunt","physical","smash","","","delivery:melee","",""
"enemyMove","bellKeeper","clapperSwing","attack","true","false","weapon","blunt","physical","sweep","","","delivery:area","",""
"enemyMove","bellKeeper","muffledPrayer","block","false","false","","","spell","defend","divine","","","",""
"enemyMove","bellKeeper","crackedPeal","attack","true","false","spell","arcane","spell","","force","","delivery:projectile","",""
"enemyMove","thornMatriarch","rootCrown","block","false","false","","","spell","defend","alteration","","","",""
"enemyMove","thornMatriarch","thornNeedles","attack","true","false","spell","piercing","spell","","alteration","","delivery:projectile","",""
"enemyMove","thornMatriarch","entwiningRoots","attack","true","false","spell","blunt","spell","","alteration","","delivery:projectile","",""
"enemyMove","gildedKnight","thrust","attack","true","false","weapon","piercing","physical","attack","","","delivery:melee","",""
"enemyMove","gildedKnight","parry","block","false","true","weapon","piercing","physical","counter","","melee","delivery:melee","",""
"enemyMove","gildedKnight","rally","buff","false","false","","","physical","","","","","",""
"enemyMove","courtSurgeon","scalpel","attack","true","false","weapon","slashing","physical","attack","","","delivery:melee","",""
"enemyMove","courtSurgeon","sedate","debuff","false","false","","","physical","","","","","",""
"enemyMove","courtSurgeon","stitch","buff","false","false","","","physical","","","","","",""
"enemyMove","stitchedHound","maul","attack","true","false","weapon","piercing","physical","attack","","","delivery:melee","",""
"enemyMove","stitchedHound","rend","attack","true","false","weapon","slashing","physical","attack","","","delivery:melee","",""
"enemyMove","courtMarionette","dart","attack","true","false","weapon","piercing","physical","ranged","","","delivery:projectile","",""
"enemyMove","courtMarionette","blowdart","attack","true","false","weapon","piercing","physical","ranged","","","delivery:projectile","",""
"enemyMove","livingArmor","slam","attack","true","false","weapon","blunt","physical","smash","","","delivery:melee","",""
"enemyMove","livingArmor","fortify","block","false","false","","","physical","defend","","","","",""
"enemyMove","livingArmor","crush","attack","true","false","weapon","blunt","physical","smash","","","delivery:melee","",""
"enemyMove","livingArmor","rimeCrush","attack","true","false","weapon","blunt","physical","smash","","","delivery:melee","",""
"enemyMove","courtDuelist","enGarde","buff","false","false","","","physical","","","","","",""
"enemyMove","courtDuelist","flurry","attack","true","false","weapon","slashing","physical","attack","","","delivery:melee","",""
"enemyMove","courtDuelist","lunge","attack","true","false","weapon","piercing","physical","smash","","","delivery:melee","",""
"enemyMove","courtDuelist","riposte","block","false","true","weapon","slashing","physical","counter","","melee","delivery:melee","",""
"enemyMove","stitchedKing","scepterBlow","attack","true","false","weapon","blunt","physical","smash","","","delivery:melee","",""
"enemyMove","stitchedKing","graspingHands","attack","true","false","weapon","blunt","physical","sweep","","","delivery:area","",""
"enemyMove","stitchedKing","courtlyDecree","block","false","false","","","physical","defend","","","","",""
"enemyMove","stitchedKing","thousandHands","attack","true","false","weapon","blunt","physical","sweep","","","delivery:area","",""
"enemyMove","mirrorScribe","silverScript","debuff","false","false","","","spell","","illusion","","","",""
"enemyMove","mirrorScribe","shardVolley","attack","true","false","spell","arcane","spell","","force","","delivery:projectile","",""
"enemyMove","mirrorScribe","polishedWard","block","false","true","spell","arcane","spell","counter","alteration","spell","delivery:projectile","",""
"enemyMove","stitchCrab","shellFold","block","false","false","","","physical","defend","","","","",""
"enemyMove","stitchCrab","seamShears","attack","true","false","weapon","slashing","physical","attack","","","delivery:melee","",""
"enemyMove","stitchCrab","scuttleRush","attack","true","false","weapon","blunt","physical","smash","","","delivery:melee","",""
"enemyMove","glassRegent","prismGuard","block","false","false","","","spell","defend","alteration","","","",""
"enemyMove","glassRegent","crystalRapier","attack","true","false","weapon","piercing","physical","attack","","","delivery:melee","",""
"enemyMove","glassRegent","splinterRain","attack","true","false","weapon","piercing","physical","ranged","","","delivery:projectile","",""
"enemyMove","glassRegent","shatteredCourt","attack","true","false","spell","arcane","spell","","force","","delivery:projectile","",""
"enemyMove","marrowOrganist","bonePrelude","debuff","false","false","","","spell","","illusion","","","",""
"enemyMove","marrowOrganist","ivoryKeys","attack","true","false","spell","decay","spell","","decay","","delivery:projectile","",""
"enemyMove","marrowOrganist","funeralChord","attack","true","false","spell","decay","spell","","decay","","delivery:projectile","",""
"enemyMove","marrowOrganist","quietRefrain","buff","false","false","","","spell","","divine","","","",""
"enemyMove","ashRevenant","cinderSlash","attack","true","false","weapon","slashing","physical","attack","","","delivery:melee","",""
"enemyMove","ashRevenant","reform","buff","false","false","","","spell","defend","alteration","","","",""
"enemyMove","emberStarvedPilgrim","desperateClaw","attack","true","false","weapon","slashing","physical","attack","","","delivery:melee","",""
"enemyMove","emberStarvedPilgrim","wail","debuff","false","false","","","spell","","illusion","","","",""
"enemyMove","valkyrieShade","spiralLance","attack","true","false","weapon","piercing","physical","attack","","","delivery:melee","",""
"enemyMove","valkyrieShade","bloodFeather","attack","true","false","weapon","piercing","physical","ranged","","","delivery:projectile","",""
"enemyMove","charredColossus","smash","attack","true","false","weapon","blunt","physical","smash","","","delivery:melee","",""
"enemyMove","charredColossus","ashCloud","debuff","false","false","","","spell","","illusion","","","",""
"enemyMove","charredColossus","harden","block","false","false","","","physical","defend","","","","",""
"enemyMove","wyrmLord","consecration","buff","false","false","","","spell","","divine","","","",""
"enemyMove","wyrmLord","halberdReign","attack","true","false","weapon","slashing","physical","sweep","","","delivery:area","",""
"enemyMove","wyrmLord","tailSweep","attack","true","false","weapon","blunt","physical","sweep","","","delivery:area","",""
"enemyMove","wyrmLord","goldenBulwark","block","false","false","","","physical","defend","","","","",""
"enemyMove","blightedValkyrie","spiralThrust","attack","true","false","weapon","piercing","physical","attack","","","delivery:melee","",""
"enemyMove","blightedValkyrie","whirlwind","attack","true","false","weapon","slashing","physical","sweep","","","delivery:area","",""
"enemyMove","blightedValkyrie","rotWings","block","false","false","","","spell","defend","decay","","","",""
"enemyMove","blightedValkyrie","scarletDance","attack","true","false","weapon","slashing","physical","sweep","","","delivery:area","",""
"enemyMove","cinderMantis","scythePair","attack","true","false","weapon","slashing","physical","attack","","","delivery:melee","",""
"enemyMove","cinderMantis","emberPounce","attack","true","false","weapon","slashing","physical","smash","","","delivery:melee","",""
"enemyMove","cinderMantis","foldedBlades","block","false","true","weapon","slashing","physical","counter","","melee","delivery:melee","",""
"enemyMove","eclipseCantor","darkHymn","debuff","false","false","","","spell","","illusion","","","",""
"enemyMove","eclipseCantor","lunarRay","attack","true","false","spell","arcane","spell","","force","","delivery:projectile","",""
"enemyMove","eclipseCantor","fadingEcho","attack","true","false","spell","arcane","spell","","illusion","","delivery:projectile","",""
"enemyMove","furnaceSaint","openFurnace","attack","true","false","spell","fire","spell","","fire","","delivery:projectile","",""
"enemyMove","furnaceSaint","censerSweep","attack","true","false","weapon","blunt","physical","sweep","","","delivery:area","",""
"enemyMove","furnaceSaint","coolingAsh","block","false","false","","","spell","defend","alteration","","","",""
"enemyMove","hollowAstronomer","starChart","debuff","false","false","","","spell","","illusion","","","",""
"enemyMove","hollowAstronomer","orbitalShards","attack","true","false","spell","arcane","spell","","force","","delivery:projectile","",""
"enemyMove","hollowAstronomer","totalEclipse","attack","true","false","spell","arcane","spell","","illusion","","delivery:projectile","",""
"enemyMove","hollowAstronomer","fallingHeavens","attack","true","false","spell","arcane","spell","","force","","delivery:projectile","",""
"enemyMove","ashheartDragon","obsidianClaws","attack","true","false","weapon","slashing","physical","attack","","","delivery:melee","",""
"enemyMove","ashheartDragon","tailBastion","block","false","false","","","physical","defend","","","","",""
"enemyMove","ashheartDragon","heartRumble","buff","false","false","","","physical","","","","","",""
"enemyMove","ashheartDragon","ashBreath","attack","true","false","spell","fire","spell","","fire","","delivery:projectile","",""
